{"loss": [0.07695119827985764, 0.014680678956210613, 0.00419454462826252, 0.001395417028106749, 0.0005375086329877377, 0.00023970799520611763, 6.855429819552228e-05, 3.8508012949023396e-05, 6.0907054830749985e-06, 1.7749201788319624e-06, 6.911297987244325e-07, 3.3450095315856743e-07, 1.4181028973325738e-07, 6.847601952131299e-08, 4.89330673758559e-08, 1.8614628061186522e-08, 1.0602992261965483e-08, 7.319792771909306e-09, 5.320600404701281e-09, 4.212230564348829e-09], "accuracy": [0.878709614276886, 0.9826042056083679, 0.9958620667457581, 0.9987917542457581, 0.9996689558029175, 0.9998841285705566, 0.9999669194221497, 0.9999669194221497, 1.0, 1.0, 1.0, 1.0, 1.0, 1.0, 1.0, 1.0, 1.0, 1.0, 1.0, 1.0], "val_loss": [0.02738715335726738, 0.017346257343888283, 0.016457272693514824, 0.01824202574789524, 0.020769057795405388, 0.023032845929265022, 0.02585599012672901, 0.02836594730615616, 0.031507398933172226, 0.033073540776968, 0.034419529139995575, 0.03692690655589104, 0.038982950150966644, 0.04090462252497673, 0.042848460376262665, 0.044577810913324356, 0.0459984615445137, 0.047105949372053146, 0.04805297031998634, 0.04897737503051758], "val_accuracy": [0.9594876170158386, 0.9757223725318909, 0.9806374907493591, 0.9800416827201843, 0.9791480302810669, 0.9794459342956543, 0.9794459342956543, 0.9788501858711243, 0.9785522818565369, 0.9787012338638306, 0.9787012338638306, 0.9794459342956543, 0.9792969822883606, 0.9797438383102417, 0.9798927903175354, 0.979594886302948, 0.9794459342956543, 0.9800416827201843, 0.9797438383102417, 0.979594886302948]}