{"loss": [0.07977505028247833, 0.02432440035045147, 0.01567758433520794, 0.01090287696570158, 0.0075258719734847546, 0.004699397832155228, 0.002972909715026617, 0.0017558445688337088, 0.0009923831094056368, 0.0008456666255369782, 0.00043815860408358276, 0.00031964032677933574, 0.00042085041059181094, 0.00017770753765944391, 0.00038463270175270736, 0.0003082323237322271, 0.0003652093873824924, 0.00016959549975581467, 0.00024800540995784104, 4.6437937271548435e-05], "accuracy": [0.8922985196113586, 0.9687836170196533, 0.9800056219100952, 0.9866097569465637, 0.991095244884491, 0.9955310821533203, 0.9976827502250671, 0.9988579154014587, 0.9995530843734741, 0.9995530843734741, 0.9998675584793091, 0.9999006986618042, 0.9998510479927063, 1.0, 0.9998841285705566, 0.9998510479927063, 0.9997517466545105, 0.9999337792396545, 0.9998675584793091, 1.0], "val_loss": [0.033292967826128006, 0.021761534735560417, 0.018161917105317116, 0.018192462623119354, 0.017418034374713898, 0.020187968388199806, 0.021927984431385994, 0.026251135393977165, 0.02868500165641308, 0.0250703115016222, 0.030334701761603355, 0.031588632613420486, 0.030964666977524757, 0.03370581194758415, 0.03232920169830322, 0.03295772150158882, 0.03410811349749565, 0.03868759796023369, 0.03946211189031601, 0.039412613958120346], "val_accuracy": [0.9594876170158386, 0.9715519547462463, 0.9755734205245972, 0.9752755165100098, 0.9779565334320068, 0.9746797680854797, 0.974530816078186, 0.9721477627754211, 0.9721477627754211, 0.976764976978302, 0.9752755165100098, 0.9754244685173035, 0.9761691689491272, 0.9772117733955383, 0.974530816078186, 0.9751266241073608, 0.9746797680854797, 0.9743818640708923, 0.9748287200927734, 0.9755734205245972]}