{"loss": [0.06167061999440193, 0.01877988874912262, 0.013315815478563309, 0.010163980536162853, 0.007211245130747557, 0.004736238159239292, 0.0035223644226789474, 0.002600687323138118, 0.0020599409472197294, 0.0015196504537016153, 0.0015156648587435484, 0.0013459192123264074, 0.001099463552236557, 0.001242233207449317, 0.0010040363995358348, 0.0011748970719054341, 0.0008371479925699532, 0.0011510327458381653, 0.000596097088418901, 0.0008002839749678969], "accuracy": [0.9057415723800659, 0.9723520278930664, 0.9806655645370483, 0.9858759045600891, 0.9901540279388428, 0.9939596056938171, 0.9956580400466919, 0.9967052340507507, 0.9974203705787659, 0.9982121586799622, 0.9981482625007629, 0.9982121586799622, 0.9987612962722778, 0.9985569715499878, 0.9988889694213867, 0.9986208081245422, 0.9990294575691223, 0.9985697269439697, 0.9993103742599487, 0.9989911317825317], "val_loss": [0.022490136325359344, 0.01883000135421753, 0.016199162229895592, 0.016284842044115067, 0.01950148306787014, 0.021482117474079132, 0.025735408067703247, 0.02499433048069477, 0.026951566338539124, 0.030924594029784203, 0.030860798433423042, 0.03405439108610153, 0.03296314924955368, 0.03230606019496918, 0.033636897802352905, 0.0321519710123539, 0.03785957396030426, 0.033472735434770584, 0.04423331469297409, 0.037125904113054276], "val_accuracy": [0.9677172303199768, 0.9719058275222778, 0.9756346940994263, 0.9764008522033691, 0.9750217199325562, 0.974204421043396, 0.9734382033348083, 0.9761965274810791, 0.9730295538902283, 0.9738979339599609, 0.9746641516685486, 0.9734382033348083, 0.9736425280570984, 0.9754814505577087, 0.9754814505577087, 0.9748173952102661, 0.9750217199325562, 0.9747663140296936, 0.974510908126831, 0.9746130704879761]}