{"loss": [0.058229073882102966, 0.020094268023967743, 0.014876175671815872, 0.012142164632678032, 0.010557380504906178, 0.009037008509039879, 0.008007505908608437, 0.006632224656641483, 0.0052924249321222305, 0.005095652770251036, 0.0036472859792411327, 0.002901369007304311, 0.002221000147983432, 0.0021460787393152714, 0.0012532019754871726, 0.001125990878790617, 0.001260449644178152, 0.000890985073056072, 0.0008923528948798776, 0.000693715235684067], "accuracy": [0.9141466617584229, 0.9709849953651428, 0.9781683683395386, 0.9815449118614197, 0.9837959408760071, 0.9865103960037231, 0.9877352118492126, 0.9900690317153931, 0.9925186634063721, 0.9927338361740112, 0.9952165484428406, 0.9963420629501343, 0.9973517656326294, 0.9975669384002686, 0.9988579154014587, 0.9989903569221497, 0.9989407062530518, 0.9992386102676392, 0.9994041323661804, 0.9994372725486755], "val_loss": [0.026739003136754036, 0.017750708386301994, 0.0151400500908494, 0.013618391938507557, 0.014296366833150387, 0.01454665046185255, 0.014987180009484291, 0.012622491456568241, 0.015466908924281597, 0.015710970386862755, 0.015595256350934505, 0.016367416828870773, 0.018676605075597763, 0.01994171179831028, 0.02604697085916996, 0.022306345403194427, 0.023325450718402863, 0.02417285367846489, 0.024143679067492485, 0.026538189500570297], "val_accuracy": [0.9606791734695435, 0.9761691689491272, 0.9779565334320068, 0.9809353351593018, 0.9797438383102417, 0.9788501858711243, 0.9809353351593018, 0.9813821911811829, 0.9792969822883606, 0.9807864427566528, 0.9812332391738892, 0.982424795627594, 0.9804885387420654, 0.9792969822883606, 0.9791480302810669, 0.9800416827201843, 0.9792969822883606, 0.9789990782737732, 0.9807864427566528, 0.9815311431884766]}