{"loss": [0.06700240075588226, 0.016090096905827522, 0.0066064526326954365, 0.0034464900381863117, 0.0015803194837644696, 0.0010486203245818615, 0.0007101990049704909, 0.00043849259964190423, 0.0006358852260746062, 0.00010289606143487617, 6.672755989711732e-05, 0.00028371295775286853, 0.00020781387866009027, 0.00012729782611131668, 4.166439612163231e-05, 0.00012503020116128027, 2.669578634595382e-06, 7.550179361714981e-07, 1.3450284086502506e-07, 5.455369844753477e-08], "accuracy": [0.8899316191673279, 0.9784663319587708, 0.9914758801460266, 0.9961103796958923, 0.9982786178588867, 0.9990730881690979, 0.9995034337043762, 0.9997351765632629, 0.9995365738868713, 0.9999172687530518, 0.9999337792396545, 0.9997351765632629, 0.9998344779014587, 0.9998510479927063, 0.9999172687530518, 0.9998841285705566, 1.0, 1.0, 1.0, 1.0], "val_loss": [0.03285084292292595, 0.018888171762228012, 0.01884053833782673, 0.019316164776682854, 0.022112088277935982, 0.02302764728665352, 0.024351106956601143, 0.024856626987457275, 0.022558001801371574, 0.03019109182059765, 0.0349857471883297, 0.02832534722983837, 0.030220329761505127, 0.03059004805982113, 0.044559333473443985, 0.031209150329232216, 0.03469380736351013, 0.03607775270938873, 0.03806847333908081, 0.03993300721049309], "val_accuracy": [0.9557640552520752, 0.9743818640708923, 0.9749776721000671, 0.9763181209564209, 0.9791480302810669, 0.9787012338638306, 0.979594886302948, 0.9794459342956543, 0.9779565334320068, 0.977360725402832, 0.9784033298492432, 0.9782543778419495, 0.9792969822883606, 0.9789990782737732, 0.9760202765464783, 0.980190634727478, 0.979594886302948, 0.9800416827201843, 0.9797438383102417, 0.9798927903175354]}