{"loss": [0.0643153041601181, 0.023256082087755203, 0.01856592483818531, 0.01604134403169155, 0.014404634945094585, 0.013032343238592148, 0.011814309284090996, 0.010717775672674179, 0.009649339132010937, 0.008759742602705956, 0.0077543738298118114, 0.0068527702242136, 0.006105890963226557, 0.005349890794605017, 0.004628695547580719, 0.003951380029320717, 0.003580687567591667, 0.0028785024769604206, 0.002368026413023472, 0.002297812607139349], "accuracy": [0.9067887663841248, 0.965519905090332, 0.9718284606933594, 0.9758128523826599, 0.9781498312950134, 0.9802441596984863, 0.9821086525917053, 0.9836794137954712, 0.9855183362960815, 0.9869996905326843, 0.9888003468513489, 0.990039050579071, 0.9915076494216919, 0.9925420880317688, 0.9935892820358276, 0.9949173927307129, 0.9955176115036011, 0.9966669082641602, 0.9973182082176208, 0.9974459409713745], "val_loss": [0.026404360309243202, 0.02067045122385025, 0.01752680540084839, 0.017458254471421242, 0.01679716259241104, 0.015938177704811096, 0.015160142444074154, 0.015310215763747692, 0.01634303480386734, 0.015115675516426563, 0.01553610060364008, 0.01603461243212223, 0.0177371334284544, 0.018506668508052826, 0.019321074709296227, 0.020095117390155792, 0.022294800728559494, 0.02299489453434944, 0.024893786758184433, 0.026094943284988403], "val_accuracy": [0.9623537659645081, 0.9706287980079651, 0.9738468527793884, 0.974510908126831, 0.9757879376411438, 0.9761455059051514, 0.978188693523407, 0.9773203134536743, 0.9772692322731018, 0.9782397747039795, 0.978495180606842, 0.978086531162262, 0.9788527488708496, 0.9778822064399719, 0.978495180606842, 0.978393018245697, 0.9774224758148193, 0.9767073392868042, 0.9770649075508118, 0.9776268005371094]}