{"loss": [0.3030861020088196, 0.07714828848838806, 0.032669782638549805, 0.018878810107707977, 0.012339459732174873, 0.00833858735859394, 0.006610372103750706, 0.004809368867427111, 0.0034824146423488855, 0.0029077150393277407, 0.0018818849930539727, 0.0015530112432315946, 0.001525628031231463, 0.001065647229552269, 0.0011423835530877113, 0.0008660130552016199, 0.0009070689557120204, 0.0006170166889205575, 0.0006802248535677791, 0.0004913307493552566], "accuracy": [0.34177467226982117, 0.8896337151527405, 0.9494016766548157, 0.9737325310707092, 0.9843255877494812, 0.9894235134124756, 0.9918897151947021, 0.994388997554779, 0.9962096810340881, 0.9969875812530518, 0.9979972243309021, 0.9985103607177734, 0.9983944892883301, 0.9990565776824951, 0.9989241361618042, 0.9992220997810364, 0.9991889595985413, 0.9994372725486755, 0.9993875622749329, 0.9995034337043762], "val_loss": [0.18225932121276855, 0.054892826825380325, 0.02806943841278553, 0.025309136137366295, 0.02162856236100197, 0.021042000502347946, 0.023491522297263145, 0.025529731065034866, 0.022839369252324104, 0.020538484677672386, 0.026103775948286057, 0.0288538858294487, 0.02507556602358818, 0.027823247015476227, 0.027111751958727837, 0.024792660027742386, 0.02672848291695118, 0.031545817852020264, 0.03151142597198486, 0.028666390106081963], "val_accuracy": [0.6411975026130676, 0.9143580794334412, 0.9593387246131897, 0.9641048312187195, 0.9724456071853638, 0.974530816078186, 0.9736371636390686, 0.97110515832901, 0.9763181209564209, 0.9746797680854797, 0.9757223725318909, 0.9730414152145386, 0.9772117733955383, 0.9791480302810669, 0.9787012338638306, 0.9775096774101257, 0.9769139289855957, 0.9763181209564209, 0.977360725402832, 0.9781054258346558]}