{"loss": [0.188790962100029, 0.04728221893310547, 0.03279753774404526, 0.0243202093988657, 0.01961539499461651, 0.017324285581707954, 0.01525373850017786, 0.013859506696462631, 0.012993443757295609, 0.012115293182432652, 0.01139923557639122, 0.010496263392269611, 0.009899558499455452, 0.009307433851063251, 0.008637613616883755, 0.008275418542325497, 0.007833601906895638, 0.007130117621272802, 0.007131772115826607, 0.006418704055249691], "accuracy": [0.6558371186256409, 0.9313879013061523, 0.9532108902931213, 0.9635041952133179, 0.9709225296974182, 0.974169909954071, 0.9774917960166931, 0.9794878959655762, 0.9807689189910889, 0.9819457530975342, 0.9831076264381409, 0.983867347240448, 0.9850441813468933, 0.9859826564788818, 0.9870700836181641, 0.9875914454460144, 0.9886639714241028, 0.9894534349441528, 0.9892746806144714, 0.9906302690505981], "val_loss": [0.05614779517054558, 0.03570035845041275, 0.027157478034496307, 0.019603800028562546, 0.018312154337763786, 0.01570051908493042, 0.01617070659995079, 0.014809990301728249, 0.016544433310627937, 0.013009537942707539, 0.013395620509982109, 0.012830296531319618, 0.012135527096688747, 0.012768739834427834, 0.01231394149363041, 0.012722037732601166, 0.012426244094967842, 0.011977173388004303, 0.012658079154789448, 0.012735344469547272], "val_accuracy": [0.9145563840866089, 0.9469701647758484, 0.9611511826515198, 0.9705654382705688, 0.9733659029006958, 0.9768813848495483, 0.9770601391792297, 0.9784901142120361, 0.9768813848495483, 0.9806351661682129, 0.9797413945198059, 0.9813501834869385, 0.9818864464759827, 0.9818268418312073, 0.9820055961608887, 0.9811118245124817, 0.9827206134796143, 0.9836739301681519, 0.9828397631645203, 0.9830185174942017]}